StudentID,Name,Math,Science,History,English,Art,Physical Education,Computer Science,Biology,Physics,Chemistry
1,Diana Hernandez,4,6,1,3,4,5,6,4,4,6
2,Frank Miller,6,1,6,2,1,5,5,4,3,1
3,Diana Johnson,2,1,6,2,1,2,6,4,4,1
4,Charlie Smith,2,4,5,4,3,3,1,3,1,6
5,Eve Hernandez,6,1,3,4,4,2,2,1,3,2
6,Frank Garcia,5,4,6,4,6,6,4,5,3,1
7,Bob Miller,1,4,2,5,5,6,3,1,5,5
8,Jack Miller,5,2,6,3,3,1,1,6,4,2
9,Eve Garcia,6,6,1,5,6,5,1,1,5,2
10,Charlie Martinez,1,5,6,6,1,6,3,2,1,5
11,Bob Garcia,6,3,4,6,6,4,4,4,2,5
12,Bob Brown,4,2,2,5,4,3,4,6,4,4
13,Jack Martinez,2,4,3,3,6,4,4,2,1,6
14,Eve Jones,3,1,5,4,4,5,1,6,6,1
15,Jack Davis,3,6,5,4,2,2,2,6,5,5
16,Charlie Johnson,6,6,5,3,6,4,4,3,3,5
17,Alice Garcia,2,2,6,1,1,1,5,5,2,3
18,Eve Davis,3,3,1,6,5,3,1,6,5,2
19,Alice Garcia,6,5,3,6,2,1,5,6,1,5
20,Charlie Davis,3,1,1,5,1,3,4,6,3,6
21,Diana Smith,5,5,1,5,4,4,2,4,1,2
22,Eve Brown,5,2,3,4,6,6,1,5,4,2
23,Alice Johnson,4,4,1,1,2,4,5,4,2,5
24,Bob Martinez,2,3,4,3,3,5,5,1,4,3
25,Grace Davis,5,5,6,2,2,2,3,1,6,3
26,Diana Brown,1,3,4,6,5,2,1,5,4,4
27,Frank Miller,6,1,3,6,3,6,5,3,3,3
28,Hank Miller,6,1,1,1,6,6,3,6,2,1
29,Frank Jones,2,4,5,2,4,1,3,6,4,3
30,Eve Williams,4,5,1,4,3,4,4,4,2,5
31,Alice Williams,6,4,6,1,1,5,2,1,1,2
32,Diana Johnson,2,2,2,2,3,5,3,4,6,6
33,Diana Garcia,4,2,4,6,2,2,4,4,2,1
34,Frank Davis,2,3,3,3,4,5,3,5,5,6
35,Ivy Johnson,5,6,6,4,1,2,6,5,6,5
36,Hank Smith,6,6,3,3,1,6,1,4,5,5
37,Grace Jones,3,1,5,6,5,1,4,6,5,2
38,Bob Miller,4,2,3,5,3,2,6,3,5,4
39,Frank Smith,3,1,4,3,1,5,5,4,2,1
40,Jack Davis,5,4,1,2,4,1,2,6,6,3
41,Frank Johnson,6,1,5,3,6,1,6,2,6,3
42,Jack Miller,2,2,6,4,2,6,4,1,1,3
43,Charlie Smith,2,5,4,4,1,5,4,1,6,5
44,Hank Hernandez,4,6,3,6,2,5,3,3,1,4
45,Grace Brown,5,2,2,4,5,2,3,6,2,6
46,Jack Miller,4,4,1,2,6,4,2,5,6,6
47,Grace Williams,6,2,3,6,4,1,5,5,1,5
48,Diana Williams,6,3,1,2,6,2,3,2,3,4
49,Ivy Smith,3,4,1,3,1,5,6,2,1,4
50,Eve Jones,4,3,2,6,3,1,3,6,5,6
51,Charlie Johnson,5,6,3,5,2,3,3,3,4,4
52,Bob Brown,4,3,4,4,1,5,2,4,4,4
53,Alice Davis,2,5,4,6,5,6,4,5,4,1
54,Jack Miller,4,3,6,5,1,5,5,3,3,4
55,Alice Brown,4,2,3,1,4,4,3,6,4,6
56,Hank Williams,5,5,5,6,6,5,6,3,5,1
57,Charlie Hernandez,1,6,5,5,5,1,3,4,2,5
58,Hank Miller,5,6,4,2,3,4,5,5,5,3
59,Grace Martinez,6,4,2,3,3,1,1,5,4,4
60,Grace Johnson,5,2,4,2,3,5,5,5,3,1
61,Frank Brown,4,6,4,4,4,6,5,4,2,6
62,Alice Miller,5,1,2,6,4,4,6,2,5,2
63,Jack Miller,1,5,2,3,2,4,2,4,1,6
64,Grace Smith,1,1,3,1,3,1,6,5,4,1
65,Diana Brown,4,2,1,3,4,4,4,2,6,4
66,Jack Brown,3,2,4,4,4,1,5,2,2,1
67,Ivy Johnson,1,3,1,5,5,2,1,5,3,4
68,Jack Garcia,2,3,2,1,5,3,2,4,2,5
69,Ivy Jones,3,3,6,6,6,2,3,4,5,3
70,Bob Brown,4,4,4,6,4,5,6,3,3,2
71,Diana Garcia,1,2,4,3,3,6,5,1,6,4
72,Hank Williams,3,3,2,3,4,3,1,2,5,3
73,Hank Davis,4,1,5,3,3,6,3,2,1,5
74,Bob Davis,5,2,3,4,5,1,2,5,2,3
75,Bob Jones,1,2,3,3,2,4,4,6,2,1
76,Alice Martinez,5,4,5,3,3,4,4,6,1,6
77,Hank Hernandez,3,4,2,5,5,3,4,6,4,1
78,Hank Davis,1,1,6,5,2,6,4,4,1,2
79,Frank Brown,1,6,2,2,4,5,1,1,5,2
80,Hank Johnson,2,3,5,4,6,1,5,5,2,1
81,Alice Williams,4,2,5,5,3,2,3,1,3,5
82,Frank Martinez,6,3,2,5,2,3,3,4,2,2
83,Charlie Brown,5,2,5,1,4,6,4,6,5,3
84,Alice Davis,2,4,4,4,5,5,3,6,3,6
85,Bob Brown,6,3,6,4,6,5,5,4,5,3
86,Hank Johnson,6,1,1,4,4,4,3,4,5,3
87,Charlie Jones,6,6,6,5,4,2,5,3,4,6
88,Frank Williams,5,5,3,6,5,1,1,1,5,1
89,Hank Brown,3,2,5,1,3,6,5,4,3,2
90,Grace Johnson,5,2,2,1,4,5,2,2,2,2
91,Frank Miller,4,4,5,3,1,3,3,2,5,2
92,Bob Williams,1,5,4,2,3,4,5,4,6,5
93,Bob Miller,2,3,5,3,5,3,4,2,6,1
94,Alice Hernandez,6,2,1,4,4,5,5,5,2,2
95,Jack Martinez,1,2,1,6,3,2,6,6,4,2
96,Ivy Johnson,6,1,1,1,3,1,4,5,5,5
97,Jack Jones,1,5,1,1,4,3,2,3,6,6
98,Alice Garcia,3,5,6,5,4,1,1,6,4,3
99,Alice Davis,3,5,1,1,5,5,4,3,3,1
100,Jack Smith,5,4,5,5,1,5,2,1,6,1
101,Alice Miller,3,2,1,2,1,6,2,5,6,6
102,Jack Johnson,5,3,1,1,2,4,1,2,3,5
103,Charlie Martinez,1,6,6,3,3,3,4,5,4,5
104,Charlie Brown,5,1,5,6,4,5,5,4,6,2
105,Ivy Williams,6,1,6,3,5,2,5,4,4,5
106,Ivy Garcia,1,1,4,2,2,6,2,3,6,6
107,Alice Davis,1,3,2,4,5,2,1,3,6,2
108,Charlie Miller,4,1,2,2,3,4,2,3,6,5
109,Diana Williams,1,6,2,4,3,6,4,3,4,4
110,Hank Garcia,6,5,4,6,6,1,2,3,1,1
111,Bob Smith,3,2,1,6,3,3,5,5,6,1
112,Eve Garcia,1,2,1,5,4,3,2,4,6,6
113,Bob Miller,5,4,4,1,5,2,5,3,5,4
114,Hank Garcia,3,5,6,3,1,2,6,1,4,1
115,Eve Smith,2,1,1,3,4,5,6,5,2,6
116,Grace Davis,5,6,6,1,6,2,2,6,5,2
117,Diana Johnson,2,1,6,3,4,5,1,3,5,3
118,Diana Johnson,4,2,4,6,2,3,5,6,2,6
119,Eve Johnson,4,2,6,3,5,6,6,1,3,4
120,Grace Miller,1,1,6,3,3,5,1,1,1,5
121,Jack Brown,3,4,2,6,6,6,3,4,2,2
122,Ivy Davis,2,4,3,1,1,4,4,1,3,3
123,Frank Miller,2,6,3,5,4,5,3,5,6,5
124,Diana Brown,4,2,5,4,5,5,4,5,4,6
125,Hank Davis,6,3,1,1,5,3,1,6,5,1
126,Ivy Hernandez,5,2,4,3,6,6,6,2,3,5
127,Alice Johnson,1,6,2,1,1,6,5,3,4,3
128,Diana Johnson,4,6,4,4,6,6,5,2,3,1
129,Hank Garcia,3,4,2,4,5,1,4,4,1,3
130,Frank Williams,5,1,2,1,2,2,2,2,4,4
131,Charlie Jones,6,5,4,4,4,1,4,3,4,2
132,Bob Johnson,1,4,2,2,5,1,2,4,3,1
133,Jack Smith,6,1,3,5,4,3,1,1,4,3
134,Bob Jones,5,4,2,4,6,1,3,4,2,4
135,Bob Smith,6,2,3,2,5,2,5,5,3,4
136,Eve Brown,3,2,6,4,3,1,5,1,3,4
137,Eve Brown,6,5,1,6,4,1,5,2,6,3
138,Frank Jones,2,6,6,2,2,6,2,1,4,6
139,Alice Martinez,3,2,4,2,3,3,2,5,5,3
140,Diana Smith,5,1,1,3,4,6,2,6,1,6
141,Hank Jones,5,5,2,3,2,4,3,6,1,2
142,Diana Johnson,6,3,5,5,4,4,5,3,3,1
143,Eve Martinez,3,1,5,2,5,1,1,5,6,4
144,Alice Smith,5,6,5,5,1,2,4,5,5,6
145,Ivy Davis,2,5,4,4,2,1,3,6,5,2
146,Eve Miller,6,2,3,2,4,3,2,3,2,6
147,Frank Garcia,2,1,6,1,2,1,1,1,1,3
148,Eve Garcia,6,4,2,2,6,6,4,5,2,5
149,Hank Jones,5,3,2,4,6,4,6,6,4,4
150,Jack Martinez,5,5,4,1,3,4,6,3,2,1
151,Charlie Hernandez,3,6,2,6,6,2,5,1,5,3
152,Frank Hernandez,4,3,1,5,6,3,5,3,3,1
153,Eve Miller,6,2,1,5,3,3,6,4,5,5
154,Jack Hernandez,5,4,1,6,5,2,1,5,3,1
155,Jack Garcia,5,5,6,3,3,2,5,1,5,5
156,Frank Jones,6,6,2,6,5,3,4,5,2,1
157,Diana Garcia,1,6,1,6,4,6,3,4,2,4
158,Alice Hernandez,4,6,4,1,4,2,5,2,1,1
159,Bob Smith,5,1,5,5,1,1,4,1,5,6
160,Eve Martinez,5,5,3,6,6,2,5,1,3,3
161,Alice Brown,3,3,4,1,5,3,3,6,5,2
162,Jack Smith,6,2,5,1,6,5,6,2,3,2
163,Bob Martinez,5,2,6,1,5,1,6,6,3,5
164,Diana Garcia,5,6,2,6,4,6,5,5,6,5
165,Bob Williams,6,3,4,3,1,6,5,2,3,3
166,Diana Davis,6,5,4,6,3,4,2,5,6,2
167,Grace Hernandez,4,6,1,4,1,2,5,1,5,2
168,Jack Johnson,3,3,6,4,3,2,2,2,3,4
169,Hank Jones,4,3,2,4,5,6,1,4,2,2
170,Jack Hernandez,6,2,3,6,4,6,5,2,5,6
171,Jack Williams,2,4,1,6,4,4,3,4,2,3
172,Grace Martinez,6,6,1,1,6,5,1,5,1,2
173,Eve Martinez,4,2,1,4,1,3,6,2,3,6
174,Hank Brown,4,5,1,5,5,1,4,6,2,5
175,Alice Garcia,4,1,6,1,5,1,1,6,1,3
176,Eve Williams,6,3,1,1,3,6,2,6,3,3
177,Eve Miller,2,3,4,5,2,4,1,6,6,1
178,Ivy Williams,4,1,1,2,3,3,3,5,3,4
179,Frank Garcia,1,2,4,1,6,3,3,3,1,5
180,Grace Miller,5,6,3,3,2,2,4,4,6,1
181,Jack Miller,4,4,5,3,2,5,5,6,4,6
182,Eve Miller,1,5,2,4,3,1,6,5,3,2
183,Diana Johnson,4,4,6,4,3,5,6,5,5,2
184,Bob Smith,6,1,1,4,4,5,1,3,5,4
185,Frank Garcia,1,6,5,6,2,1,5,6,4,2
186,Eve Brown,6,6,5,2,3,1,4,4,3,6
187,Frank Miller,4,1,6,5,4,6,3,2,2,3
188,Frank Martinez,6,4,2,3,3,3,6,1,1,6
189,Alice Brown,6,3,1,1,3,6,1,1,1,4
190,Ivy Smith,3,5,5,2,5,3,1,4,2,4
191,Frank Martinez,2,4,4,4,1,3,3,4,4,4
192,Bob Davis,4,2,6,4,4,1,3,1,3,1
193,Alice Davis,6,5,6,5,2,2,5,2,2,4
194,Jack Davis,4,2,2,6,3,3,3,2,2,5
195,Frank Martinez,5,5,4,5,5,4,3,1,1,6
196,Grace Brown,3,2,6,6,2,4,4,4,1,6
197,Diana Davis,2,1,1,5,2,1,4,1,5,5
198,Frank Hernandez,2,5,6,3,2,1,1,6,2,2
199,Grace Martinez,6,5,1,4,3,4,2,5,6,1
200,Charlie Garcia,1,2,3,2,2,1,3,4,1,4
201,Bob Williams,2,3,1,5,5,3,3,4,6,4
202,Eve Jones,6,4,1,2,6,5,5,2,1,2
203,Grace Davis,1,2,3,3,1,6,1,2,3,5
204,Frank Brown,2,5,5,3,4,5,4,5,4,6
205,Alice Johnson,2,1,2,5,5,2,6,4,5,2
206,Ivy Garcia,2,2,5,4,6,6,3,1,2,3
207,Diana Brown,3,2,3,4,5,6,6,3,2,6
208,Ivy Davis,6,4,3,6,4,5,1,6,4,3
209,Bob Johnson,3,1,3,4,5,2,2,3,4,4
210,Grace Williams,4,4,3,1,2,3,5,3,5,3
211,Diana Jones,1,2,3,2,1,3,2,3,1,4
212,Bob Garcia,1,3,6,1,3,5,4,3,5,5
213,Ivy Smith,3,1,4,3,5,3,1,2,5,5
214,Diana Miller,1,4,2,4,2,2,1,6,3,3
215,Grace Hernandez,1,3,4,6,2,4,4,1,3,4
216,Alice Garcia,4,6,6,2,5,2,5,4,5,5
217,Charlie Martinez,2,2,1,6,6,4,3,5,5,1
218,Grace Jones,5,1,2,6,6,5,4,5,2,1
219,Charlie Davis,6,6,3,3,5,1,5,1,5,1
220,Alice Williams,2,5,4,3,3,5,6,2,3,2
221,Bob Martinez,6,3,1,4,4,3,4,2,2,2
222,Jack Martinez,4,2,4,6,4,6,4,6,3,3
223,Jack Johnson,2,1,4,5,6,6,3,5,1,6
224,Eve Brown,3,3,3,6,1,5,5,6,3,1
225,Grace Jones,4,1,5,5,4,4,3,1,1,2
226,Ivy Smith,5,6,4,5,2,4,4,5,6,6
227,Bob Miller,5,1,6,4,4,6,2,6,1,3
228,Frank Brown,6,4,2,6,5,3,1,5,2,5
229,Charlie Miller,2,5,5,3,4,5,5,2,3,3
230,Ivy Williams,1,2,5,3,1,3,6,4,3,2
231,Frank Garcia,2,6,5,1,4,3,4,6,4,5
232,Charlie Smith,4,1,2,4,4,5,6,1,2,1
233,Eve Brown,6,2,6,6,5,4,1,6,6,2
234,Ivy Miller,1,1,6,3,2,3,4,4,5,4
235,Charlie Hernandez,2,6,4,1,6,1,3,1,6,5
236,Frank Jones,2,4,5,4,5,6,3,1,6,2
237,Bob Miller,5,3,2,4,2,5,1,3,2,2
238,Frank Miller,4,1,3,1,2,2,1,6,1,1
239,Grace Hernandez,1,5,4,3,4,1,4,2,1,1
240,Grace Miller,5,2,4,4,3,4,6,2,6,6
241,Hank Garcia,2,4,6,3,6,4,3,5,1,5
242,Eve Smith,3,6,3,5,4,4,2,5,6,5
243,Bob Garcia,1,2,6,1,6,3,1,2,6,1
244,Charlie Williams,2,5,3,2,3,1,4,5,6,4
245,Charlie Williams,3,1,5,1,2,5,4,5,4,2
246,Grace Brown,3,5,4,2,5,5,3,1,5,5
247,Bob Miller,2,6,2,6,5,4,4,2,2,2
248,Alice Davis,6,3,5,5,6,2,3,2,3,3
249,Hank Miller,3,4,4,3,4,4,1,2,1,6
250,Hank Jones,1,5,5,4,4,5,5,2,2,1
251,Jack Smith,4,2,6,3,5,3,5,2,5,1
252,Bob Davis,2,3,2,4,5,2,2,3,5,3
253,Bob Brown,5,5,2,2,6,6,2,4,6,1
254,Jack Martinez,3,3,1,5,6,3,4,1,2,2
255,Bob Smith,2,5,1,3,5,2,2,4,3,5
256,Grace Brown,4,5,2,2,1,2,2,6,5,3
257,Frank Davis,5,2,2,4,4,5,6,6,5,5
258,Grace Davis,5,6,6,3,6,3,5,1,6,3
259,Frank Garcia,4,2,1,2,3,4,3,6,5,5
260,Alice Davis,6,5,1,1,1,6,5,4,4,6
261,Alice Williams,5,3,2,2,4,2,1,5,4,4
262,Jack Davis,6,4,4,4,4,6,2,3,5,4
263,Diana Garcia,3,1,4,2,1,3,4,5,4,5
264,Diana Davis,2,2,6,3,3,3,4,6,1,6
265,Eve Martinez,3,3,1,2,1,2,4,2,5,4
266,Alice Smith,1,1,6,2,6,5,2,6,4,1
267,Jack Johnson,2,6,6,4,4,5,4,1,6,3
268,Bob Jones,2,4,5,4,3,5,1,6,5,2
269,Eve Williams,3,5,3,1,3,6,6,6,3,6
270,Alice Hernandez,5,3,2,6,6,3,4,5,6,3
271,Diana Garcia,4,3,1,6,2,2,1,4,3,1
272,Alice Martinez,5,2,2,6,1,2,4,6,5,1
273,Ivy Miller,1,2,6,1,1,3,6,4,1,3
274,Jack Jones,4,3,5,4,5,6,5,3,5,2
275,Hank Hernandez,1,5,3,5,2,6,6,4,6,2
276,Charlie Davis,2,3,3,5,2,5,1,2,4,4
277,Diana Brown,1,6,5,6,1,2,4,3,2,3
278,Alice Miller,5,6,1,1,3,4,5,1,6,5
279,Bob Jones,4,3,4,3,6,6,2,4,4,3
280,Alice Brown,1,2,1,1,3,5,6,5,1,6
281,Eve Jones,6,4,2,3,3,4,6,6,3,1
282,Eve Martinez,3,5,4,3,3,4,2,4,3,3
283,Bob Smith,6,3,4,1,1,2,4,2,3,1
284,Diana Miller,1,5,2,4,6,3,6,6,1,3
285,Charlie Miller,2,3,3,1,6,5,2,1,6,1
286,Hank Hernandez,5,2,2,5,1,1,3,2,1,3
287,Ivy Hernandez,1,6,2,3,6,2,3,2,6,3
288,Charlie Garcia,6,4,2,5,6,5,2,1,4,3
289,Alice Miller,1,6,4,5,5,2,4,5,2,6
290,Alice Davis,1,2,1,1,1,1,5,3,4,3
291,Ivy Williams,1,2,3,1,3,4,1,1,4,5
292,Hank Hernandez,1,4,6,4,4,2,1,1,6,5
293,Charlie Martinez,5,5,6,1,6,1,6,5,3,1
294,Bob Martinez,5,4,6,2,2,3,4,3,4,2
295,Jack Miller,4,2,5,5,1,4,4,2,4,5
296,Diana Smith,3,3,6,6,2,4,5,3,4,5
297,Hank Martinez,2,2,1,1,6,6,1,2,1,6
298,Ivy Hernandez,1,5,4,2,5,5,4,5,6,1
299,Hank Martinez,1,2,3,3,6,6,1,4,1,3
300,Frank Jones,6,1,4,4,6,6,4,4,5,2
301,Bob Johnson,3,1,4,4,4,6,1,3,3,1
302,Grace Hernandez,4,3,4,1,4,6,2,5,5,6
303,Charlie Smith,4,6,5,3,6,4,6,4,2,4
304,Hank Smith,4,2,2,5,4,5,3,4,3,1
305,Diana Jones,5,1,5,2,1,1,1,4,3,6
306,Frank Smith,4,4,2,5,6,4,5,3,1,6
307,Alice Smith,3,5,5,4,2,4,2,5,1,1
308,Bob Williams,3,5,6,3,3,4,1,5,1,1
309,Bob Martinez,4,6,2,4,5,6,1,4,4,2
310,Eve Johnson,2,2,3,5,1,2,6,4,5,4
311,Alice Johnson,2,4,2,2,5,6,3,3,3,1
312,Frank Johnson,4,2,2,6,6,3,2,2,1,4
313,Hank Hernandez,5,4,1,3,1,5,1,4,1,5
314,Bob Hernandez,2,4,2,6,1,2,5,6,1,2
315,Diana Garcia,4,2,6,4,1,6,6,3,1,3
316,Charlie Miller,4,6,5,4,5,4,3,2,5,2
317,Diana Smith,2,1,4,1,4,1,1,1,2,6
318,Grace Davis,3,5,5,5,5,2,2,2,6,2
319,Diana Williams,1,1,5,1,4,5,2,3,2,4
320,Bob Johnson,1,6,5,1,4,4,1,1,4,5
321,Charlie Jones,3,6,3,5,2,4,3,4,2,3
322,Ivy Johnson,6,4,3,3,4,6,6,3,6,2
323,Jack Johnson,3,2,2,4,6,5,1,5,2,6
324,Eve Brown,6,6,6,5,1,4,4,3,3,2
325,Ivy Garcia,1,3,2,2,6,6,6,3,4,1
326,Eve Williams,4,6,2,2,4,5,4,2,4,3
327,Jack Davis,5,3,6,2,2,6,6,3,5,4
328,Grace Davis,1,4,5,5,2,6,1,3,4,2
329,Grace Smith,2,3,6,5,6,6,3,3,6,5
330,Eve Hernandez,2,1,5,6,4,4,6,1,2,6
331,Alice Brown,3,1,1,2,4,5,2,3,3,5
332,Bob Hernandez,6,6,2,4,5,3,2,2,1,4
333,Bob Davis,3,4,2,6,5,6,6,6,1,3
334,Bob Johnson,5,6,4,3,3,4,3,2,1,4
335,Frank Hernandez,3,5,3,3,4,3,6,4,6,6
336,Alice Jones,5,4,5,3,5,2,2,1,2,6
337,Alice Davis,6,5,4,5,4,5,3,1,4,5
338,Hank Johnson,5,6,6,4,1,5,1,3,6,3
339,Frank Garcia,3,1,3,3,4,2,6,5,2,6
340,Frank Johnson,1,1,5,4,2,1,1,6,6,4
341,Frank Brown,5,5,6,4,3,3,3,5,2,5
342,Alice Martinez,4,2,5,2,4,1,6,3,4,1
343,Ivy Garcia,4,2,6,6,3,6,6,6,2,3
344,Diana Martinez,1,1,4,1,4,2,5,6,5,5
345,Jack Brown,6,6,2,1,6,5,3,3,6,4
346,Frank Jones,3,1,4,1,6,5,1,3,3,4
347,Diana Smith,1,3,1,6,1,6,6,2,4,1
348,Hank Williams,1,5,4,2,3,3,4,5,2,4
349,Diana Miller,4,2,6,1,1,1,6,2,2,6
350,Diana Smith,3,1,5,4,6,5,5,3,1,2
351,Alice Miller,5,4,6,2,5,4,6,5,5,5
352,Bob Garcia,5,3,5,2,6,5,2,3,2,4
353,Charlie Davis,6,6,6,6,6,6,2,1,3,6
354,Frank Hernandez,5,4,3,4,5,5,6,2,4,5
355,Jack Garcia,1,3,3,2,6,3,4,1,3,5
356,Jack Johnson,3,4,3,1,5,6,3,5,4,2
357,Jack Williams,3,6,5,1,4,2,3,4,3,6
358,Grace Hernandez,4,6,4,6,3,5,2,5,1,4
359,Bob Garcia,3,2,5,1,2,6,2,4,3,3
360,Jack Johnson,2,3,5,4,3,4,2,5,3,3
361,Diana Miller,5,1,4,5,1,6,2,3,5,6
362,Frank Smith,5,3,2,2,6,4,3,3,1,3
363,Hank Martinez,3,6,1,2,6,5,3,1,1,4
364,Ivy Brown,3,4,1,2,5,2,6,5,1,3
365,Diana Smith,3,1,6,3,1,5,2,1,4,3
366,Alice Garcia,1,5,4,6,5,1,5,3,6,1
367,Bob Jones,3,4,3,6,4,5,6,3,4,3
368,Jack Hernandez,1,6,3,5,2,6,5,2,4,3
369,Jack Garcia,6,4,2,2,4,6,3,4,4,2
370,Diana Garcia,4,5,5,5,3,5,3,2,1,3
371,Diana Davis,3,2,4,3,3,2,3,2,1,3
372,Charlie Jones,1,5,2,6,5,6,5,5,3,3
373,Diana Brown,1,6,3,3,3,4,6,4,2,1
374,Frank Garcia,4,1,2,4,3,1,3,1,1,4
375,Jack Williams,6,5,1,3,2,6,1,6,2,3
376,Hank Martinez,1,6,1,4,6,5,2,4,5,4
377,Bob Garcia,1,2,1,5,1,1,4,6,5,1
378,Bob Brown,2,3,5,3,3,2,1,6,4,6
379,Bob Martinez,4,6,1,2,3,5,5,5,4,5
380,Alice Garcia,6,4,1,3,6,6,5,4,3,6
381,Charlie Miller,5,1,2,1,6,2,6,3,4,6
382,Frank Johnson,4,3,2,1,4,3,2,4,3,6
383,Bob Smith,1,2,4,4,4,6,1,3,1,2
384,Grace Smith,3,2,2,5,3,3,3,2,4,3
385,Charlie Smith,2,5,5,6,6,1,1,4,1,2
386,Eve Martinez,2,2,3,2,5,1,6,1,4,5
387,Ivy Williams,4,1,2,5,6,5,4,3,2,2
388,Jack Johnson,3,2,1,4,2,1,2,5,4,1
389,Hank Williams,2,5,4,6,5,1,1,1,5,2
390,Charlie Hernandez,1,1,4,2,6,6,2,6,1,5
391,Hank Johnson,4,5,6,1,5,5,2,2,5,2
392,Charlie Miller,2,4,4,6,6,1,5,4,4,1
393,Diana Williams,5,6,3,2,5,3,2,4,4,6
394,Ivy Miller,5,6,3,3,4,3,6,2,2,5
395,Hank Martinez,6,5,4,6,2,5,3,4,2,4
396,Alice Smith,6,3,3,5,6,3,4,1,4,3
397,Bob Garcia,4,2,1,4,6,1,5,3,2,3
398,Alice Jones,4,3,3,2,4,2,5,3,1,4
399,Grace Miller,2,4,4,1,4,2,2,3,6,1
400,Bob Jones,1,3,3,1,6,6,1,6,2,5
401,Frank Miller,2,3,5,2,6,3,4,1,5,5
402,Hank Brown,5,4,1,4,5,3,4,2,2,5
403,Bob Smith,2,1,1,3,5,1,2,5,6,5
404,Charlie Garcia,3,2,5,1,2,2,6,3,2,3
405,Grace Miller,1,2,2,6,1,2,3,5,5,3
406,Grace Hernandez,5,5,6,3,6,3,5,5,2,1
407,Grace Johnson,1,1,4,2,2,2,4,1,1,6
408,Jack Miller,3,3,3,4,4,2,4,3,6,4
409,Ivy Brown,5,5,3,4,4,5,4,4,6,5
410,Hank Jones,1,4,2,3,3,1,1,5,2,5
411,Alice Garcia,3,4,5,4,5,6,1,1,5,4
412,Hank Davis,6,5,2,6,2,6,3,4,4,1
413,Eve Davis,1,2,4,3,6,5,6,2,4,1
414,Grace Jones,1,3,2,1,1,6,6,5,3,6
415,Hank Hernandez,2,6,6,4,1,6,5,6,1,6
416,Diana Hernandez,5,2,4,3,2,3,4,3,5,3
417,Jack Johnson,5,3,3,6,1,3,1,6,2,3
418,Jack Smith,3,5,2,4,4,5,4,2,6,1
419,Ivy Jones,1,4,4,1,6,2,5,4,1,1
420,Charlie Hernandez,4,1,4,3,2,3,6,2,3,6
421,Bob Brown,5,6,5,1,5,2,2,3,1,5
422,Grace Smith,6,1,3,2,2,2,6,1,2,6
423,Bob Hernandez,3,5,3,1,1,2,4,3,5,1
424,Jack Jones,6,4,4,5,5,5,1,6,2,4
425,Frank Williams,3,4,3,3,4,2,4,2,1,1
426,Jack Hernandez,4,6,3,4,5,4,2,4,6,5
427,Eve Williams,4,2,2,1,6,2,3,3,1,2
428,Ivy Brown,2,5,6,6,4,4,6,2,5,1
429,Charlie Martinez,3,1,4,6,2,6,1,4,5,1
430,Hank Garcia,4,2,6,4,1,3,3,1,4,6
431,Alice Jones,2,6,6,1,6,3,4,6,3,5
432,Alice Jones,5,3,3,3,6,2,6,2,1,4
433,Charlie Davis,2,5,1,2,1,3,1,3,4,1
434,Diana Hernandez,3,4,6,2,3,1,3,3,6,5
435,Bob Hernandez,1,3,5,5,1,6,3,3,4,2
436,Diana Hernandez,2,2,3,3,4,5,1,6,3,2
437,Jack Martinez,6,6,3,1,1,5,3,4,3,4
438,Frank Jones,5,6,1,4,6,1,5,5,5,4
439,Ivy Hernandez,6,1,2,4,4,4,5,6,6,1
440,Hank Martinez,5,5,1,6,6,3,1,1,2,4
441,Eve Garcia,3,5,6,1,3,1,5,2,5,1
442,Bob Jones,5,6,5,1,6,3,6,1,5,4
443,Jack Smith,2,3,5,5,2,5,3,5,3,3
444,Ivy Jones,5,4,3,5,1,5,6,5,2,1
445,Charlie Martinez,6,1,6,4,6,6,5,1,2,1
446,Charlie Williams,5,4,1,3,2,3,3,5,3,3
447,Ivy Garcia,5,1,2,2,5,1,2,4,1,1
448,Jack Miller,4,4,3,6,2,4,6,3,5,3
449,Ivy Hernandez,6,6,6,4,2,1,2,2,2,4
450,Alice Garcia,4,6,4,1,4,2,4,1,6,3
451,Grace Davis,1,3,5,6,5,2,5,3,4,5
452,Bob Johnson,2,2,1,1,5,3,6,6,3,6
453,Jack Smith,5,3,3,6,1,3,1,6,3,1
454,Grace Williams,2,4,3,3,5,3,6,1,3,2
455,Charlie Smith,2,6,3,4,2,4,4,1,4,3
456,Grace Williams,3,3,5,1,2,6,1,3,2,1
457,Diana Jones,4,4,3,2,5,6,4,3,2,3
458,Charlie Smith,3,2,4,4,5,4,4,2,1,4
459,Grace Williams,2,6,3,1,5,1,6,5,3,6
460,Eve Garcia,2,5,2,5,5,3,2,1,1,1
461,Frank Jones,6,4,1,4,3,4,6,1,6,4
462,Frank Jones,1,4,4,6,4,1,1,1,5,1
463,Hank Garcia,3,2,2,2,1,4,5,1,3,6
464,Hank Smith,6,6,4,3,3,2,6,6,1,6
465,Alice Williams,4,1,2,5,4,1,5,5,4,4
466,Charlie Johnson,5,5,1,1,5,4,6,6,3,4
467,Grace Miller,1,4,4,6,6,3,5,4,5,6
468,Diana Smith,1,5,2,1,2,6,2,2,2,6
469,Diana Jones,6,1,2,5,1,4,4,4,2,2
470,Bob Brown,5,1,1,3,1,4,2,6,3,5
471,Hank Johnson,5,2,2,3,3,3,1,6,4,5
472,Diana Williams,4,3,5,3,6,3,4,2,1,1
473,Charlie Martinez,1,2,6,1,1,6,2,4,3,2
474,Grace Johnson,4,3,1,1,6,5,2,5,3,5
475,Alice Davis,6,5,1,4,5,2,3,1,6,4
476,Grace Miller,5,3,2,5,5,1,3,2,1,3
477,Jack Garcia,4,3,4,3,5,5,2,3,6,1
478,Charlie Brown,1,6,4,6,4,4,6,2,5,1
479,Charlie Williams,6,3,2,3,5,4,5,5,2,4
480,Jack Davis,1,1,4,4,5,3,4,5,5,2
481,Grace Williams,4,2,2,5,2,4,6,1,3,1
482,Eve Miller,1,1,6,2,1,2,3,1,5,4
483,Eve Garcia,3,2,6,5,5,6,5,3,5,2
484,Ivy Williams,1,4,2,5,6,1,2,3,6,2
485,Diana Garcia,1,6,3,3,2,5,6,2,1,1
486,Jack Smith,6,5,5,1,5,4,1,6,5,4
487,Jack Garcia,6,4,6,1,5,1,1,2,1,6
488,Ivy Brown,1,2,3,5,2,6,1,4,5,4
489,Grace Williams,4,3,5,5,6,2,4,4,1,6
490,Grace Miller,1,1,4,3,1,1,5,1,5,4
491,Jack Miller,6,3,1,6,6,3,4,5,5,6
492,Grace Williams,5,5,4,5,2,6,5,1,6,2
493,Diana Williams,2,2,6,1,1,6,5,6,5,6
494,Bob Williams,5,4,4,4,4,2,6,1,6,4
495,Charlie Williams,6,5,3,6,2,3,5,3,2,6
496,Grace Martinez,3,6,3,4,4,2,4,1,3,3
497,Bob Brown,5,5,4,1,5,4,1,1,5,4
498,Alice Williams,6,6,4,3,5,5,3,6,2,2
499,Frank Miller,2,2,4,4,3,3,6,3,5,6
500,Ivy Garcia,6,1,6,2,3,6,2,2,5,1
501,Eve Jones,5,2,1,3,2,2,3,1,4,3
502,Grace Davis,6,6,1,1,3,4,4,5,4,2
503,Grace Miller,3,6,3,5,6,4,4,1,3,2
504,Frank Hernandez,3,3,4,1,1,3,1,3,3,2
505,Charlie Brown,6,6,5,3,2,5,3,4,2,6
506,Ivy Garcia,1,1,1,6,3,6,4,3,4,2
507,Bob Garcia,3,5,1,2,3,2,3,5,4,4
508,Hank Jones,6,1,1,5,3,4,3,3,1,2
509,Charlie Hernandez,6,1,1,5,6,4,2,2,1,5
510,Charlie Davis,5,4,6,2,5,3,6,2,3,6
511,Grace Smith,6,2,5,3,1,4,1,1,4,6
512,Alice Smith,5,4,6,6,1,4,6,4,5,2
513,Charlie Garcia,2,3,1,6,5,1,5,4,2,6
514,Frank Garcia,2,5,4,5,3,4,3,4,1,6
515,Hank Johnson,2,4,6,3,5,3,4,6,6,2
516,Jack Williams,3,1,1,2,3,3,1,1,4,5
517,Diana Miller,5,6,5,5,3,2,6,6,1,4
518,Diana Miller,4,5,1,3,5,4,6,5,1,5
519,Jack Hernandez,1,2,4,4,6,1,4,1,6,4
520,Bob Smith,4,3,1,3,4,6,5,1,5,1
521,Charlie Williams,2,6,4,6,3,3,6,6,2,3
522,Ivy Brown,1,2,6,2,3,3,2,5,2,3
523,Jack Martinez,1,3,5,5,2,1,5,2,1,3
524,Hank Johnson,1,1,1,6,3,5,3,5,5,4
525,Bob Smith,1,2,3,5,3,3,3,6,4,6
526,Alice Garcia,5,2,3,6,6,5,1,6,4,1
527,Charlie Brown,4,4,6,6,3,6,2,3,2,4
528,Frank Williams,6,5,3,4,1,2,2,6,1,1
529,Charlie Johnson,2,6,1,4,1,3,5,3,5,1
530,Charlie Smith,5,3,4,2,1,5,6,5,2,4
531,Jack Jones,2,4,5,3,2,1,5,1,1,2
532,Ivy Miller,2,4,4,2,5,6,2,1,4,3
533,Hank Garcia,3,2,5,4,6,6,2,4,6,4
534,Hank Johnson,4,4,1,2,3,1,5,4,3,1
535,Ivy Jones,4,1,3,6,6,5,3,5,3,5
536,Ivy Smith,1,1,6,1,2,6,4,2,1,3
537,Frank Martinez,2,3,5,4,2,3,3,6,6,4
538,Frank Williams,3,6,6,2,4,2,1,2,3,6
539,Hank Johnson,5,3,5,1,5,5,1,3,3,6
540,Alice Brown,1,4,6,4,5,6,4,2,6,3
541,Grace Smith,3,5,5,4,3,3,5,4,4,4
542,Jack Hernandez,4,6,1,4,1,5,1,1,1,1
543,Hank Miller,4,6,1,2,5,1,4,6,5,5
544,Bob Miller,5,3,3,1,4,1,4,3,4,1
545,Charlie Martinez,4,5,5,6,4,1,1,2,3,2
546,Bob Smith,2,5,1,4,2,2,5,5,4,2
547,Diana Johnson,6,5,1,5,5,2,4,2,1,1
548,Hank Martinez,2,1,2,4,5,2,3,1,6,1
549,Frank Davis,5,1,1,2,5,6,1,3,4,5
550,Grace Garcia,4,6,1,6,3,6,6,6,3,4
551,Grace Jones,3,1,1,1,5,2,3,5,3,2
552,Eve Miller,4,2,2,5,3,5,3,1,6,5
553,Jack Smith,1,5,6,4,6,5,3,5,6,3
554,Frank Brown,1,3,3,2,5,5,1,4,3,5
555,Diana Williams,1,5,4,4,6,3,5,1,4,6
556,Bob Smith,4,1,6,6,4,6,5,5,2,3
557,Eve Williams,4,2,4,3,3,6,6,1,3,2
558,Eve Johnson,5,2,2,2,6,2,1,3,6,3
559,Eve Davis,5,3,3,6,1,1,6,1,4,2
560,Jack Garcia,6,6,1,5,5,5,2,3,5,3
561,Grace Brown,4,5,1,6,5,3,4,4,6,2
562,Frank Martinez,2,4,1,6,1,2,5,5,2,2
563,Diana Williams,4,4,2,5,3,1,6,2,5,6
564,Diana Davis,1,6,1,1,2,3,5,5,1,5
565,Bob Martinez,1,3,3,1,5,1,1,4,1,5
566,Frank Martinez,2,6,5,2,5,6,5,1,4,2
567,Ivy Johnson,2,4,3,3,6,2,4,2,3,3
568,Frank Smith,1,2,6,4,2,1,5,3,2,6
569,Diana Williams,1,5,2,2,6,3,3,2,6,5
570,Jack Jones,6,3,6,4,1,4,4,1,1,2
571,Jack Martinez,5,1,6,3,3,1,4,5,3,4
572,Bob Garcia,3,5,6,3,6,3,6,1,1,5
573,Grace Jones,6,6,1,5,5,1,3,3,2,5
574,Ivy Jones,2,1,3,2,4,4,2,2,2,6
575,Hank Johnson,1,5,4,3,6,6,5,1,2,1
576,Charlie Williams,3,6,5,5,5,1,6,5,1,4
577,Eve Miller,1,6,6,3,3,4,6,2,3,5
578,Grace Jones,4,1,4,6,6,3,2,1,2,2
579,Alice Davis,6,1,5,4,3,2,6,1,6,3
580,Jack Martinez,6,1,6,2,2,5,6,4,6,1
581,Charlie Miller,6,5,1,1,2,6,3,6,5,1
582,Charlie Davis,6,2,6,2,2,2,6,6,6,1
583,Charlie Smith,4,3,1,2,3,2,5,5,1,1
584,Charlie Jones,2,6,4,1,2,2,4,4,5,6
585,Hank Brown,1,6,6,1,3,2,3,3,1,4
586,Alice Williams,5,3,6,3,1,2,5,2,4,6
587,Grace Hernandez,5,1,5,5,2,1,4,4,3,6
588,Hank Davis,5,4,5,4,2,6,2,6,3,2
589,Charlie Smith,6,2,3,2,4,4,5,1,1,6
590,Eve Williams,5,2,3,1,2,2,4,3,3,4
591,Bob Smith,6,3,5,5,1,2,1,6,1,2
592,Ivy Garcia,6,1,4,4,1,3,1,1,6,4
593,Diana Williams,1,2,4,1,5,5,6,5,6,1
594,Diana Smith,4,3,5,2,5,1,6,6,5,3
595,Diana Martinez,1,6,5,2,2,1,4,3,4,2
596,Diana Jones,3,4,2,5,5,2,5,3,4,2
597,Ivy Martinez,6,2,4,2,6,2,2,6,4,5
598,Jack Jones,5,6,4,4,5,6,1,6,6,3
599,Ivy Garcia,6,1,1,5,2,3,6,6,6,3
600,Hank Martinez,4,6,2,1,2,1,1,4,3,4
601,Jack Miller,4,6,3,3,2,3,5,6,4,2
602,Eve Smith,6,6,2,2,5,4,6,1,2,2
603,Alice Jones,3,4,4,5,4,6,1,6,4,5
604,Charlie Johnson,3,6,5,4,5,2,5,6,6,1
605,Ivy Williams,1,6,1,3,6,5,2,1,5,2
606,Grace Williams,6,3,1,5,1,4,2,1,4,4
607,Hank Garcia,5,1,1,1,5,3,5,2,4,5
608,Charlie Hernandez,3,3,3,6,5,5,5,1,3,6
609,Diana Johnson,5,4,1,4,3,6,5,5,1,4
610,Jack Miller,2,1,5,4,3,1,6,4,2,1
611,Frank Jones,1,4,2,4,1,4,1,6,5,2
612,Bob Smith,3,4,1,2,4,4,1,1,5,6
613,Diana Williams,6,6,1,1,5,4,1,4,2,3
614,Frank Miller,5,3,5,3,1,3,6,2,5,6
615,Eve Miller,2,4,2,2,6,4,3,5,3,1
616,Jack Williams,2,1,5,6,3,3,1,5,5,2
617,Eve Johnson,6,3,1,2,1,3,1,6,3,6
618,Frank Brown,2,6,2,3,5,2,4,6,2,3
619,Grace Williams,1,5,2,3,4,6,1,5,6,1
620,Ivy Johnson,4,5,6,1,6,4,2,3,4,3
621,Diana Hernandez,3,4,4,5,5,2,6,3,4,4
622,Jack Hernandez,1,1,3,5,4,1,3,2,6,5
623,Bob Jones,1,5,3,1,1,6,4,3,2,3
624,Diana Jones,6,3,5,2,1,6,3,6,6,5
625,Diana Martinez,2,4,3,5,2,2,5,3,3,1
626,Alice Garcia,2,1,4,5,2,4,2,3,5,5
627,Alice Brown,3,2,5,5,4,1,6,6,3,6
628,Alice Williams,4,3,5,6,4,4,4,6,6,3
629,Hank Martinez,4,4,4,1,4,4,3,4,3,4
630,Jack Smith,3,4,2,1,5,5,1,5,2,3
631,Frank Smith,1,3,5,6,6,4,3,3,5,2
632,Bob Smith,4,6,4,3,3,3,3,4,5,1
633,Charlie Smith,6,1,2,2,3,3,5,3,2,2
634,Bob Johnson,1,2,1,3,5,1,3,1,4,3
635,Charlie Martinez,5,4,2,4,3,1,4,2,3,5
636,Diana Jones,2,4,5,1,1,1,4,1,2,4
637,Diana Brown,1,3,6,4,3,2,4,5,4,1
638,Ivy Johnson,1,2,3,3,2,6,4,2,3,6
639,Charlie Garcia,1,2,2,5,5,5,2,2,6,4
640,Grace Miller,1,2,2,2,4,2,3,3,4,4
641,Alice Martinez,1,5,5,3,3,5,1,1,4,3
642,Hank Brown,6,1,5,6,5,5,3,6,3,1
643,Grace Hernandez,1,1,1,1,1,1,3,2,4,5
644,Eve Jones,2,6,5,1,5,5,1,3,3,2
645,Ivy Davis,6,5,2,3,6,1,4,3,5,1
646,Bob Hernandez,1,1,4,4,4,2,2,5,2,5
647,Jack Hernandez,2,5,4,2,3,4,5,4,2,4
648,Hank Davis,4,5,5,5,5,1,2,6,2,6
649,Jack Hernandez,2,5,2,1,5,3,5,5,2,6
650,Charlie Jones,3,3,4,2,3,1,6,3,2,3
651,Bob Brown,4,3,3,4,3,3,3,1,2,3
652,Ivy Garcia,4,4,6,5,4,4,6,1,3,2
653,Jack Garcia,3,4,4,5,2,6,1,2,1,2
654,Eve Martinez,1,3,4,6,4,3,5,2,5,1
655,Frank Garcia,4,4,2,4,6,1,3,5,3,2
656,Eve Davis,3,3,6,1,6,4,6,1,4,5
657,Alice Miller,4,5,4,3,4,6,3,2,2,6
658,Diana Williams,3,3,3,4,2,2,2,2,4,2
659,Alice Miller,3,4,6,3,2,4,4,1,5,1
660,Frank Johnson,5,5,6,4,6,4,2,4,5,1
661,Grace Davis,2,3,2,1,5,3,6,3,2,3
662,Eve Smith,3,5,1,4,1,4,3,1,4,5
663,Grace Miller,6,4,4,5,1,4,6,2,3,6
664,Jack Jones,4,6,5,2,5,2,1,3,1,5
665,Diana Hernandez,5,2,5,2,2,3,4,2,4,5
666,Ivy Martinez,4,6,6,4,1,4,2,4,6,6
667,Hank Miller,4,5,1,4,4,6,2,5,4,3
668,Bob Smith,5,3,6,5,6,5,2,3,1,3
669,Ivy Davis,5,5,1,5,5,6,1,2,2,4
670,Charlie Miller,1,6,3,5,6,4,3,6,6,2
671,Alice Johnson,3,3,4,1,6,5,5,3,1,3
672,Frank Davis,6,2,2,6,5,1,2,3,6,5
673,Charlie Martinez,4,2,5,6,6,6,1,6,6,4
674,Grace Brown,2,5,1,3,2,1,5,4,4,1
675,Hank Williams,2,5,6,4,5,6,4,6,2,4
676,Bob Garcia,1,2,5,5,2,5,4,4,5,6
677,Hank Martinez,5,4,4,5,3,5,2,5,3,2
678,Ivy Martinez,4,2,2,4,5,5,2,3,3,3
679,Alice Jones,1,4,3,6,2,4,3,6,1,6
680,Eve Johnson,4,4,4,6,5,6,6,3,1,2
681,Hank Davis,2,1,3,2,5,6,5,2,4,6
682,Charlie Jones,4,3,5,4,1,5,2,4,6,4
683,Frank Smith,2,2,4,4,4,5,4,1,6,3
684,Grace Davis,1,4,3,2,3,6,3,5,2,5
685,Frank Garcia,4,3,1,6,1,1,6,1,1,4
686,Eve Williams,3,2,6,6,5,4,2,6,4,2
687,Bob Martinez,3,4,3,1,5,6,5,4,1,4
688,Hank Brown,5,4,1,1,2,2,5,4,2,4
689,Grace Garcia,6,4,4,5,5,6,6,3,4,3
690,Bob Brown,6,1,4,6,4,6,4,1,5,1
691,Ivy Brown,4,6,1,6,2,4,5,1,5,3
692,Eve Johnson,1,5,5,5,2,4,2,5,3,3
693,Alice Garcia,4,6,1,5,4,2,5,3,1,2
694,Hank Garcia,4,1,5,3,2,1,5,2,2,4
695,Ivy Martinez,6,6,5,5,3,1,4,5,2,4
696,Alice Smith,6,1,4,2,4,3,6,4,2,1
697,Frank Jones,3,4,5,5,3,6,2,2,4,4
698,Hank Jones,1,4,5,3,6,6,5,1,5,6
699,Diana Miller,3,6,5,5,6,2,6,4,6,4
700,Grace Williams,5,5,2,6,4,1,4,2,4,2
701,Frank Miller,1,1,4,4,2,3,1,3,2,3
702,Grace Hernandez,2,4,4,3,5,1,4,6,4,5
703,Frank Martinez,5,1,3,1,3,3,3,5,1,6
704,Hank Hernandez,3,3,5,6,1,4,4,5,3,2
705,Alice Garcia,6,3,4,3,5,1,1,1,5,5
706,Jack Smith,1,3,5,1,4,5,1,4,2,6
707,Grace Brown,4,6,3,2,6,2,5,5,5,5
708,Jack Jones,6,3,6,5,4,4,3,5,6,3
709,Grace Johnson,3,6,3,1,1,4,1,3,6,3
710,Eve Hernandez,6,5,3,2,4,5,1,1,6,3
711,Frank Johnson,5,6,5,3,4,2,2,6,2,1
712,Charlie Hernandez,5,2,2,4,5,5,2,1,4,1
713,Eve Miller,5,4,5,6,1,1,4,5,4,6
714,Ivy Johnson,4,6,3,5,2,2,2,3,4,4
715,Diana Jones,5,1,4,3,3,4,1,5,4,6
716,Diana Johnson,3,1,2,2,1,6,1,4,3,6
717,Eve Smith,6,4,6,6,5,1,1,2,3,5
718,Grace Miller,3,3,5,4,6,1,3,6,1,2
719,Frank Smith,5,6,3,6,3,6,2,1,6,6
720,Ivy Williams,2,4,3,5,4,3,2,5,6,5
721,Jack Jones,4,5,2,5,5,3,2,2,5,2
722,Charlie Hernandez,4,4,5,3,1,3,5,2,3,4
723,Alice Brown,2,4,5,2,2,1,6,6,5,1
724,Ivy Brown,2,5,5,3,4,2,5,4,3,1
725,Eve Miller,4,6,1,3,3,4,3,6,5,4
726,Frank Miller,4,6,3,4,5,2,6,3,6,6
727,Jack Davis,4,6,1,5,4,5,2,2,1,2
728,Hank Johnson,4,6,4,5,5,1,5,3,6,4
729,Charlie Hernandez,6,5,6,4,3,5,5,6,6,1
730,Ivy Garcia,4,4,2,2,2,6,4,1,1,3
731,Ivy Garcia,5,3,5,4,1,5,5,4,3,4
732,Bob Davis,3,6,5,3,5,2,4,6,4,3
733,Bob Hernandez,5,6,2,2,6,1,5,3,3,4
734,Eve Johnson,1,3,5,2,6,2,3,2,2,3
735,Grace Miller,6,1,4,4,2,5,6,6,3,6
736,Jack Smith,1,6,1,6,4,4,3,5,5,6
737,Ivy Garcia,1,4,5,5,6,4,6,5,1,5
738,Charlie Johnson,3,1,6,1,2,5,2,2,4,5
739,Hank Miller,4,5,5,1,4,2,1,6,4,6
740,Ivy Brown,2,3,4,6,5,3,2,6,3,4
741,Bob Jones,4,6,1,5,5,4,2,4,5,6
742,Eve Smith,1,2,6,4,1,3,4,2,3,1
743,Eve Garcia,1,5,5,4,1,1,4,2,2,6
744,Hank Johnson,1,1,2,5,6,2,6,3,3,6
745,Diana Johnson,3,2,6,2,4,6,5,5,3,2
746,Jack Miller,6,3,4,2,2,6,1,4,3,2
747,Eve Johnson,2,4,3,4,4,2,6,1,3,1
748,Ivy Johnson,5,1,4,2,2,2,6,5,2,4
749,Diana Brown,6,4,4,2,2,4,3,4,5,2
750,Alice Garcia,1,2,4,2,1,6,6,3,4,4
751,Grace Jones,2,2,4,6,4,1,6,1,1,1
752,Bob Williams,2,4,3,4,6,5,3,2,6,6
753,Eve Miller,3,6,1,1,4,3,5,4,3,2
754,Jack Williams,1,4,5,1,4,3,2,6,5,2
755,Alice Johnson,6,5,5,6,2,1,2,3,1,6
756,Frank Williams,6,2,3,5,4,4,4,6,1,5
757,Eve Garcia,2,5,1,4,6,2,3,6,1,3
758,Frank Garcia,2,5,5,4,6,6,4,4,2,6
759,Alice Smith,2,1,2,6,6,4,2,6,2,2
760,Charlie Brown,5,2,3,2,2,5,5,6,3,1
761,Alice Davis,2,5,4,6,4,4,6,5,4,1
762,Alice Williams,4,4,5,5,5,6,1,1,3,4
763,Frank Garcia,1,3,3,6,2,3,3,1,6,1
764,Diana Brown,2,4,5,4,1,3,5,6,5,1
765,Frank Johnson,3,5,1,4,4,1,5,6,1,1
766,Ivy Brown,5,3,2,3,3,6,5,5,2,6
767,Charlie Williams,2,5,1,4,4,5,3,1,3,4
768,Bob Johnson,5,3,2,6,6,1,5,3,1,4
769,Hank Brown,2,1,4,4,3,1,1,4,5,4
770,Grace Smith,4,2,1,4,6,1,5,2,2,6
771,Hank Johnson,1,5,4,5,6,5,1,2,1,5
772,Diana Smith,2,6,4,3,3,6,2,4,3,6
773,Jack Brown,5,1,6,3,6,1,4,5,1,3
774,Ivy Brown,6,1,1,2,3,3,2,1,2,3
775,Hank Davis,6,6,4,6,5,2,4,6,6,6
776,Jack Martinez,6,3,6,3,2,3,5,2,4,6
777,Alice Brown,6,4,1,5,3,5,2,1,2,1
778,Ivy Miller,2,5,6,4,1,4,4,6,6,4
779,Frank Martinez,2,5,1,4,3,6,6,5,4,1
780,Bob Garcia,1,1,2,3,3,5,5,1,4,1
781,Frank Johnson,5,1,1,5,5,4,1,1,5,4
782,Charlie Williams,3,4,5,2,3,2,5,2,5,1
783,Grace Davis,3,5,6,3,2,2,4,1,6,4
784,Charlie Jones,3,1,2,3,4,2,3,1,5,2
785,Grace Davis,1,4,4,5,3,1,1,5,5,1
786,Ivy Brown,4,1,1,6,3,1,5,4,4,4
787,Ivy Miller,6,4,3,2,6,6,2,1,3,1
788,Alice Martinez,5,2,4,2,4,3,3,2,3,4
789,Frank Smith,5,4,3,2,5,2,6,5,6,5
790,Diana Miller,6,1,3,5,6,3,2,3,4,4
791,Ivy Davis,2,2,5,5,5,6,1,3,2,5
792,Grace Martinez,1,4,6,3,2,4,6,1,5,3
793,Ivy Williams,3,1,1,3,2,5,1,2,6,6
794,Grace Smith,4,6,5,4,6,3,3,2,1,4
795,Diana Williams,3,5,6,6,2,5,1,2,2,6
796,Eve Miller,3,1,2,1,5,2,4,5,6,5
797,Bob Brown,2,4,1,6,4,1,2,4,2,6
798,Grace Williams,4,3,6,5,4,4,3,2,3,3
799,Charlie Johnson,2,4,6,2,4,2,1,6,1,5
800,Diana Williams,5,2,1,6,2,5,5,6,2,6
801,Alice Johnson,4,2,2,5,1,1,1,3,5,2
802,Charlie Martinez,2,1,2,6,2,3,1,2,3,6
803,Frank Williams,1,1,5,1,3,3,6,3,3,3
804,Hank Davis,2,4,6,6,2,6,2,4,4,3
805,Bob Martinez,6,2,4,1,5,5,4,2,5,3
806,Jack Jones,3,6,2,4,6,3,1,3,6,2
807,Hank Brown,4,3,6,5,3,3,5,3,5,5
808,Alice Miller,3,1,5,1,2,3,3,2,1,1
809,Eve Martinez,6,3,4,2,1,1,1,3,6,4
810,Bob Smith,1,6,1,5,2,6,4,4,3,2
811,Eve Martinez,3,3,2,5,2,2,1,6,1,3
812,Bob Martinez,6,2,6,1,6,5,5,3,1,3
813,Grace Garcia,3,5,2,4,5,4,6,5,2,4
814,Bob Smith,5,2,3,6,5,5,1,6,2,6
815,Grace Miller,5,3,1,1,5,3,5,4,5,2
816,Charlie Williams,3,3,1,5,4,3,6,3,6,3
817,Jack Davis,1,6,4,3,4,3,5,2,1,2
818,Charlie Williams,4,2,1,5,5,5,5,4,2,3
819,Grace Hernandez,2,3,6,2,4,6,4,2,6,4
820,Charlie Miller,4,5,3,1,6,3,5,2,1,4
821,Ivy Smith,6,2,3,3,6,3,2,5,4,3
822,Jack Brown,6,1,6,3,6,4,1,2,2,2
823,Diana Martinez,5,4,4,4,6,4,5,3,5,6
824,Alice Davis,6,6,2,5,1,5,3,4,2,4
825,Frank Miller,1,2,1,5,2,3,1,1,3,1
826,Ivy Williams,2,3,4,2,2,3,3,4,6,6
827,Diana Miller,2,3,2,5,1,2,5,2,3,1
828,Ivy Smith,2,6,2,5,5,5,3,6,3,3
829,Charlie Miller,3,1,6,2,1,1,1,1,5,4
830,Grace Williams,5,3,2,3,3,3,2,1,6,2
831,Grace Garcia,6,3,5,2,4,4,3,2,1,2
832,Hank Martinez,3,2,1,4,1,4,3,4,6,6
833,Charlie Miller,6,5,5,6,1,1,5,1,1,6
834,Bob Hernandez,3,5,4,4,4,5,2,5,4,3
835,Frank Smith,1,6,5,1,3,5,1,4,4,1
836,Hank Garcia,6,1,4,2,5,2,1,6,4,6
837,Bob Martinez,3,6,3,3,1,3,4,2,6,3
838,Eve Miller,4,6,4,3,3,1,6,1,4,5
839,Hank Johnson,5,2,2,3,4,1,6,6,1,4
840,Charlie Johnson,3,3,3,3,5,3,3,5,2,3
841,Ivy Jones,1,2,1,2,2,4,6,6,2,4
842,Hank Miller,3,5,4,1,3,5,6,1,1,6
843,Alice Williams,6,6,1,3,2,3,2,1,4,6
844,Eve Davis,4,5,4,2,1,3,4,4,5,5
845,Charlie Davis,4,5,5,3,1,3,6,4,5,4
846,Bob Brown,2,3,1,5,2,4,4,3,6,3
847,Jack Hernandez,1,4,4,1,1,1,1,4,6,6
848,Eve Brown,1,2,6,5,6,3,2,6,3,3
849,Alice Davis,6,4,2,2,2,2,5,2,6,6
850,Ivy Miller,4,3,1,4,5,4,5,6,2,3
851,Ivy Jones,2,3,6,2,1,5,3,2,6,2
852,Bob Brown,4,4,1,1,4,5,6,5,1,3
853,Hank Williams,3,2,2,6,4,4,4,5,4,1
854,Jack Williams,5,1,5,6,4,1,4,4,2,1
855,Ivy Miller,4,2,3,3,4,6,1,5,5,2
856,Ivy Brown,2,4,1,3,2,5,1,6,3,3
857,Diana Johnson,1,5,1,3,1,5,3,1,1,4
858,Diana Miller,4,3,1,5,1,1,4,4,3,5
859,Ivy Hernandez,4,6,4,4,1,5,2,3,5,2
860,Grace Hernandez,5,5,3,2,2,3,4,4,2,3
861,Grace Smith,3,6,2,1,6,4,3,6,3,1
862,Eve Hernandez,2,1,1,1,1,2,2,5,4,1
863,Hank Johnson,4,2,1,2,3,1,4,5,2,1
864,Charlie Smith,6,5,6,2,2,2,4,3,6,1
865,Charlie Brown,2,4,1,4,6,2,4,5,3,5
866,Jack Davis,3,4,2,5,6,6,5,2,1,2
867,Bob Davis,6,1,3,3,2,4,2,5,3,4
868,Alice Smith,3,4,2,2,5,2,4,5,2,2
869,Eve Hernandez,5,5,3,1,2,1,2,2,2,4
870,Jack Hernandez,1,3,4,2,4,2,3,4,5,3
871,Ivy Smith,6,5,2,3,2,4,3,1,1,2
872,Diana Miller,1,2,3,1,2,1,6,2,6,2
873,Charlie Brown,1,6,6,4,2,4,4,6,2,5
874,Eve Martinez,4,5,2,1,3,1,6,4,3,1
875,Grace Johnson,4,4,6,4,4,4,1,4,4,1
876,Ivy Johnson,3,4,1,3,5,2,3,5,1,6
877,Frank Johnson,4,4,2,5,1,3,4,6,1,3
878,Jack Johnson,2,6,5,2,5,3,3,5,6,3
879,Frank Hernandez,3,2,6,1,1,4,5,4,1,3
880,Bob Davis,1,3,3,4,3,3,6,3,6,1
881,Bob Hernandez,6,4,6,4,4,3,2,5,4,2
882,Eve Davis,1,4,3,4,5,3,2,4,5,4
883,Jack Jones,4,5,5,4,2,1,2,2,4,1
884,Alice Jones,6,3,2,5,2,3,2,4,4,1
885,Frank Jones,5,1,6,4,4,4,4,1,4,6
886,Charlie Johnson,6,1,2,1,3,6,2,6,4,2
887,Frank Brown,1,1,4,2,4,1,1,3,2,2
888,Frank Davis,6,5,4,2,3,2,5,4,6,2
889,Diana Garcia,1,3,6,3,2,4,4,2,1,3
890,Alice Miller,5,6,6,2,6,3,1,3,6,6
891,Eve Jones,3,2,2,5,5,4,4,6,5,3
892,Alice Johnson,4,5,5,1,5,6,6,1,1,5
893,Hank Williams,1,6,6,3,2,1,4,2,2,5
894,Charlie Miller,2,4,1,6,6,6,4,3,2,3
895,Bob Hernandez,1,6,1,2,4,3,3,2,5,3
896,Diana Garcia,6,2,2,6,1,1,1,4,3,1
897,Bob Davis,5,3,2,3,2,2,1,1,3,1
898,Alice Martinez,4,2,3,6,1,4,6,3,1,3
899,Hank Martinez,2,6,3,6,2,5,6,6,3,6
900,Alice Jones,4,3,5,4,5,2,2,2,3,3
901,Grace Smith,3,5,3,5,6,5,4,5,2,3
902,Diana Johnson,1,1,5,1,1,2,1,4,1,1
903,Charlie Garcia,4,1,2,6,4,4,2,4,6,6
904,Ivy Martinez,4,4,3,6,3,6,6,4,3,2
905,Grace Hernandez,1,4,5,1,4,1,5,1,6,2
906,Charlie Brown,1,1,4,6,2,5,2,6,3,2
907,Hank Johnson,2,2,4,3,4,1,2,1,2,1
908,Alice Williams,4,1,1,4,3,4,3,1,2,4
909,Eve Jones,1,4,2,2,6,6,4,1,4,6
910,Frank Davis,3,5,2,5,4,1,2,6,6,4
911,Eve Smith,1,6,6,3,4,4,5,2,4,6
912,Eve Williams,3,1,3,3,6,3,4,1,5,4
913,Jack Garcia,1,1,1,3,6,6,4,2,5,2
914,Ivy Johnson,6,4,2,3,1,2,5,2,4,2
915,Jack Brown,6,3,3,4,3,6,4,6,5,1
916,Ivy Brown,1,2,1,6,4,1,6,2,4,2
917,Frank Brown,5,3,4,1,6,5,1,3,5,6
918,Charlie Davis,6,6,4,3,5,4,4,4,5,5
919,Grace Davis,5,1,2,6,6,1,1,4,4,3
920,Ivy Smith,1,3,4,5,6,4,6,6,4,3
921,Jack Johnson,1,5,1,2,1,5,2,5,6,3
922,Alice Garcia,2,4,2,6,6,1,4,2,3,4
923,Grace Hernandez,1,4,5,5,3,6,2,4,5,1
924,Ivy Hernandez,2,2,6,6,1,1,2,3,1,2
925,Alice Garcia,2,4,5,4,5,5,1,2,5,6
926,Ivy Davis,1,4,1,1,2,4,1,3,3,5
927,Ivy Garcia,6,6,4,2,2,5,5,3,4,1
928,Bob Martinez,2,1,2,3,3,5,1,4,6,2
929,Alice Garcia,1,2,4,6,1,2,3,3,3,1
930,Ivy Johnson,3,4,4,4,6,6,2,3,4,3
931,Alice Davis,6,4,6,5,4,1,3,2,5,2
932,Hank Williams,2,2,5,1,1,6,3,2,6,4
933,Grace Garcia,3,5,2,3,2,1,4,2,2,5
934,Grace Johnson,2,1,4,2,1,5,3,1,4,2
935,Hank Jones,3,1,2,1,4,1,5,5,3,3
936,Ivy Johnson,6,1,1,1,4,2,1,6,3,3
937,Ivy Williams,5,3,6,5,5,1,5,4,4,1
938,Alice Johnson,5,2,2,5,2,1,4,4,4,2
939,Jack Davis,2,5,1,2,6,3,3,2,4,5
940,Grace Miller,5,6,2,1,6,6,3,5,1,6
941,Eve Johnson,1,6,4,2,6,3,3,5,5,6
942,Jack Smith,5,3,2,2,1,3,3,3,5,6
943,Alice Brown,1,5,2,4,3,4,2,3,3,6
944,Diana Brown,5,2,3,5,1,5,3,3,1,6
945,Frank Williams,5,6,4,4,4,1,1,1,1,5
946,Jack Davis,5,6,6,1,4,3,6,1,5,1
947,Ivy Johnson,1,4,4,5,4,1,6,6,4,6
948,Jack Jones,3,3,1,6,3,2,5,2,3,5
949,Charlie Brown,2,1,2,5,1,3,6,6,6,5
950,Alice Garcia,4,4,6,4,6,3,6,1,4,4
951,Alice Miller,1,5,1,4,5,6,6,3,6,2
952,Charlie Miller,6,5,4,4,2,5,6,3,5,6
953,Diana Smith,2,5,3,5,4,4,4,2,1,3
954,Diana Williams,4,6,3,5,2,1,1,6,6,4
955,Bob Johnson,2,5,2,2,1,3,3,2,1,1
956,Diana Brown,1,4,3,3,3,1,6,1,6,6
957,Eve Smith,6,1,6,6,6,5,4,6,3,1
958,Diana Davis,6,2,1,4,3,3,5,4,3,4
959,Jack Jones,4,2,3,1,6,1,4,6,4,3
960,Diana Johnson,5,4,1,2,3,1,2,3,6,2
961,Diana Jones,1,6,4,3,3,3,4,3,5,5
962,Alice Miller,4,3,1,4,1,4,5,3,2,1
963,Ivy Johnson,5,3,5,2,6,3,1,2,1,6
964,Eve Martinez,5,5,4,3,3,6,1,2,1,1
965,Diana Brown,6,6,4,1,4,5,3,2,4,5
966,Diana Hernandez,1,4,3,6,6,1,2,5,6,1
967,Hank Miller,6,1,1,2,3,6,3,1,3,6
968,Diana Brown,1,1,2,5,2,1,6,5,3,2
969,Jack Smith,3,6,5,3,6,2,3,3,6,2
970,Alice Brown,2,5,1,5,2,2,2,6,2,1
971,Eve Brown,4,4,6,4,4,5,4,1,4,2
972,Alice Brown,4,2,2,1,3,6,2,4,2,5
973,Grace Davis,3,3,2,3,3,2,3,5,3,1
974,Alice Davis,5,6,5,4,3,1,5,5,2,1
975,Alice Jones,6,6,1,1,3,4,5,1,6,4
976,Ivy Johnson,4,6,2,2,1,6,2,3,4,5
977,Alice Martinez,4,3,2,1,1,1,3,2,2,6
978,Diana Williams,3,2,5,3,4,4,1,5,6,2
979,Jack Miller,2,5,5,5,5,2,6,3,3,1
980,Jack Hernandez,3,5,5,4,2,1,1,3,3,4
981,Bob Hernandez,3,1,1,2,2,2,1,5,4,4
982,Hank Miller,1,2,5,2,6,4,6,6,2,1
983,Alice Hernandez,4,3,4,5,2,4,5,4,6,4
984,Hank Brown,6,6,5,1,2,1,4,3,1,5
985,Grace Jones,3,1,3,6,1,6,3,4,4,2
986,Ivy Smith,6,5,3,2,2,6,1,2,3,6
987,Diana Johnson,1,4,5,2,1,5,3,3,5,2
988,Ivy Smith,2,6,6,6,3,5,2,6,4,4
989,Frank Miller,5,4,2,3,6,3,4,3,4,6
990,Bob Jones,3,1,3,1,1,3,3,6,3,6
991,Charlie Martinez,6,2,3,6,3,6,3,3,3,1
992,Charlie Martinez,6,2,6,2,3,5,3,1,6,4
993,Diana Jones,2,5,2,3,3,5,2,1,1,2
994,Jack Smith,2,6,5,5,4,1,6,4,4,6
995,Diana Miller,5,6,1,1,4,3,5,4,5,3
996,Eve Johnson,3,1,2,3,3,6,4,1,5,6
997,Grace Hernandez,1,5,5,6,1,5,4,1,1,3
998,Alice Johnson,5,3,6,4,2,6,2,6,6,6
999,Diana Garcia,1,2,3,2,5,6,2,3,4,5
1000,Alice Jones,1,5,2,1,2,6,2,6,6,2
